[
  {
    "name": "Afganist치n",
    "iso": "AF",
    "code": "+93",
    "flag": "游뷣릖"
  },
  {
    "name": "Albania",
    "iso": "AL",
    "code": "+355",
    "flag": "游뷣릖"
  },
  {
    "name": "Alemania",
    "iso": "DE",
    "code": "+49",
    "flag": "游뾇릖"
  },
  {
    "name": "Andorra",
    "iso": "AD",
    "code": "+376",
    "flag": "游뷣릖"
  },
  {
    "name": "Angola",
    "iso": "AO",
    "code": "+244",
    "flag": "游뷣릖"
  },
  {
    "name": "Anguila",
    "iso": "AI",
    "code": "+1264",
    "flag": "游뷣릖"
  },
  {
    "name": "Ant치rtida",
    "iso": "AQ",
    "code": "+672",
    "flag": "游뷣릖"
  },
  {
    "name": "Antigua y Barbuda",
    "iso": "AG",
    "code": "+1268",
    "flag": "游뷣릖"
  },
  {
    "name": "Antillas Holandesas",
    "iso": "AN",
    "code": "+599",
    "flag": "游游"
  },
  {
    "name": "Arabia Saudita",
    "iso": "SA",
    "code": "+966",
    "flag": "游젏릖"
  },
  {
    "name": "Argelia",
    "iso": "DZ",
    "code": "+213",
    "flag": "游뾇릖"
  },
  {
    "name": "Argentina",
    "iso": "AR",
    "code": "+54",
    "flag": "游뷣릖"
  },
  {
    "name": "Armenia",
    "iso": "AM",
    "code": "+374",
    "flag": "游뷣릖"
  },
  {
    "name": "Aruba",
    "iso": "AW",
    "code": "+297",
    "flag": "游뷣릖"
  },
  {
    "name": "Australia",
    "iso": "AU",
    "code": "+61",
    "flag": "游뷣릖"
  },
  {
    "name": "Austria",
    "iso": "AT",
    "code": "+43",
    "flag": "游뷣릖"
  },
  {
    "name": "Azerbaiy치n",
    "iso": "AZ",
    "code": "+994",
    "flag": "游뷣릖"
  },
  {
    "name": "Bahamas",
    "iso": "BS",
    "code": "+1242",
    "flag": "游游"
  },
  {
    "name": "Bahrein",
    "iso": "BH",
    "code": "+973",
    "flag": "游游"
  },
  {
    "name": "Bangladesh",
    "iso": "BD",
    "code": "+880",
    "flag": "游游"
  },
  {
    "name": "Barbados",
    "iso": "BB",
    "code": "+1246",
    "flag": "游游"
  },
  {
    "name": "B칠lgica",
    "iso": "BE",
    "code": "+32",
    "flag": "游游"
  },
  {
    "name": "Belice",
    "iso": "BZ",
    "code": "+501",
    "flag": "游游"
  },
  {
    "name": "Ben칤n",
    "iso": "BJ",
    "code": "+229",
    "flag": "游游"
  },
  {
    "name": "Bhut치n",
    "iso": "BT",
    "code": "+975",
    "flag": "游游"
  },
  {
    "name": "Bielorrusia",
    "iso": "BY",
    "code": "+375",
    "flag": "游游"
  },
  {
    "name": "Birmania",
    "iso": "MM",
    "code": "+95",
    "flag": "游쓇릖"
  },
  {
    "name": "Bolivia",
    "iso": "BO",
    "code": "+591",
    "flag": "游游"
  },
  {
    "name": "Bosnia y Herzegovina",
    "iso": "BA",
    "code": "+387",
    "flag": "游游"
  },
  {
    "name": "Botsuana",
    "iso": "BW",
    "code": "+267",
    "flag": "游游"
  },
  {
    "name": "Brasil",
    "iso": "BR",
    "code": "+55",
    "flag": "游游"
  },
  {
    "name": "Brun칠i",
    "iso": "BN",
    "code": "+673",
    "flag": "游游"
  },
  {
    "name": "Bulgaria",
    "iso": "BG",
    "code": "+359",
    "flag": "游游"
  },
  {
    "name": "Burkina Faso",
    "iso": "BF",
    "code": "+226",
    "flag": "游游"
  },
  {
    "name": "Burundi",
    "iso": "BI",
    "code": "+257",
    "flag": "游游"
  },
  {
    "name": "Cabo Verde",
    "iso": "CV",
    "code": "+238",
    "flag": "游뻟릖"
  },
  {
    "name": "Camboya",
    "iso": "KH",
    "code": "+855",
    "flag": "游썷릖"
  },
  {
    "name": "Camer칰n",
    "iso": "CM",
    "code": "+237",
    "flag": "游뻟릖"
  },
  {
    "name": "Canad치",
    "iso": "CA",
    "code": "+1",
    "flag": "游뻟릖"
  },
  {
    "name": "Chad",
    "iso": "TD",
    "code": "+235",
    "flag": "游좷릖"
  },
  {
    "name": "Chile",
    "iso": "CL",
    "code": "+56",
    "flag": "游뻟릖"
  },
  {
    "name": "China",
    "iso": "CN",
    "code": "+86",
    "flag": "游뻟릖"
  },
  {
    "name": "Chipre",
    "iso": "CY",
    "code": "+357",
    "flag": "游뻟릖"
  },
  {
    "name": "Ciudad del Vaticano",
    "iso": "VA",
    "code": "+379",
    "flag": "游游"
  },
  {
    "name": "Colombia",
    "iso": "CO",
    "code": "+57",
    "flag": "游뻟릖"
  },
  {
    "name": "Comoras",
    "iso": "KM",
    "code": "+269",
    "flag": "游썷릖"
  },
  {
    "name": "Corea del Norte",
    "iso": "KP",
    "code": "+850",
    "flag": "游썷릖"
  },
  {
    "name": "Corea del Sur",
    "iso": "KR",
    "code": "+82",
    "flag": "游썷릖"
  },
  {
    "name": "Costa de Marfil",
    "iso": "CI",
    "code": "+225",
    "flag": "游뻟릖"
  },
  {
    "name": "Costa Rica",
    "iso": "CR",
    "code": "+506",
    "flag": "游뻟릖"
  },
  {
    "name": "Croacia",
    "iso": "HR",
    "code": "+385",
    "flag": "游쇓릖"
  },
  {
    "name": "Cuba",
    "iso": "CU",
    "code": "+53",
    "flag": "游뻟릖"
  },
  {
    "name": "Dinamarca",
    "iso": "DK",
    "code": "+45",
    "flag": "游뾇릖"
  },
  {
    "name": "Dominica",
    "iso": "DM",
    "code": "+1767",
    "flag": "游뾇릖"
  },
  {
    "name": "Ecuador",
    "iso": "EC",
    "code": "+593",
    "flag": "游쀯릖"
  },
  {
    "name": "Egipto",
    "iso": "EG",
    "code": "+20",
    "flag": "游쀯릖"
  },
  {
    "name": "El Salvador",
    "iso": "SV",
    "code": "+503",
    "flag": "游젏릖"
  },
  {
    "name": "Emiratos 츼rabes Unidos",
    "iso": "AE",
    "code": "+971",
    "flag": "游뷣릖"
  },
  {
    "name": "Eritrea",
    "iso": "ER",
    "code": "+291",
    "flag": "游쀯릖"
  },
  {
    "name": "Eslovaquia",
    "iso": "SK",
    "code": "+421",
    "flag": "游젏릖"
  },
  {
    "name": "Eslovenia",
    "iso": "SI",
    "code": "+386",
    "flag": "游젏릖"
  },
  {
    "name": "Espa침a",
    "iso": "ES",
    "code": "+34",
    "flag": "游쀯릖"
  },
  {
    "name": "Estados Unidos de Am칠rica",
    "iso": "US",
    "code": "+1",
    "flag": "游쥟릖"
  },
  {
    "name": "Estonia",
    "iso": "EE",
    "code": "+372",
    "flag": "游쀯릖"
  },
  {
    "name": "Etiop칤a",
    "iso": "ET",
    "code": "+251",
    "flag": "游쀯릖"
  },
  {
    "name": "Filipinas",
    "iso": "PH",
    "code": "+63",
    "flag": "游왫릖"
  },
  {
    "name": "Finlandia",
    "iso": "FI",
    "code": "+358",
    "flag": "游游"
  },
  {
    "name": "Fiyi",
    "iso": "FJ",
    "code": "+679",
    "flag": "游游"
  },
  {
    "name": "Francia",
    "iso": "FR",
    "code": "+33",
    "flag": "游游"
  },
  {
    "name": "Gab칩n",
    "iso": "GA",
    "code": "+241",
    "flag": "游섫릖"
  },
  {
    "name": "Gambia",
    "iso": "GM",
    "code": "+220",
    "flag": "游섫릖"
  },
  {
    "name": "Georgia",
    "iso": "GE",
    "code": "+995",
    "flag": "游섫릖"
  },
  {
    "name": "Ghana",
    "iso": "GH",
    "code": "+233",
    "flag": "游섫릖"
  },
  {
    "name": "Gibraltar",
    "iso": "GI",
    "code": "+350",
    "flag": "游섫릖"
  },
  {
    "name": "Granada",
    "iso": "GD",
    "code": "+1473",
    "flag": "游섫릖"
  },
  {
    "name": "Grecia",
    "iso": "GR",
    "code": "+30",
    "flag": "游섫릖"
  },
  {
    "name": "Groenlandia",
    "iso": "GL",
    "code": "+299",
    "flag": "游섫릖"
  },
  {
    "name": "Guadalupe",
    "iso": "GP",
    "code": "+590",
    "flag": "游섫릖"
  },
  {
    "name": "Guam",
    "iso": "GU",
    "code": "+1671",
    "flag": "游섫릖"
  },
  {
    "name": "Guatemala",
    "iso": "GT",
    "code": "+502",
    "flag": "游섫릖"
  },
  {
    "name": "Guayana Francesa",
    "iso": "GF",
    "code": "+594",
    "flag": "游섫릖"
  },
  {
    "name": "Guernsey",
    "iso": "GG",
    "code": "+44",
    "flag": "游섫릖"
  },
  {
    "name": "Guinea",
    "iso": "GN",
    "code": "+224",
    "flag": "游섫릖"
  },
  {
    "name": "Guinea Ecuatorial",
    "iso": "GQ",
    "code": "+240",
    "flag": "游섫릖"
  },
  {
    "name": "Guinea-Bissau",
    "iso": "GW",
    "code": "+245",
    "flag": "游섫릖"
  },
  {
    "name": "Guyana",
    "iso": "GY",
    "code": "+595",
    "flag": "游섫릖"
  },
  {
    "name": "Hait칤",
    "iso": "HT",
    "code": "+509",
    "flag": "游쇓릖"
  },
  {
    "name": "Honduras",
    "iso": "HN",
    "code": "+504",
    "flag": "游쇓릖"
  },
  {
    "name": "Hong kong",
    "iso": "HK",
    "code": "+852",
    "flag": "游쇓릖"
  },
  {
    "name": "Hungr칤a",
    "iso": "HU",
    "code": "+36",
    "flag": "游쇓릖"
  },
  {
    "name": "India",
    "iso": "IN",
    "code": "+91",
    "flag": "游쉻릖"
  },
  {
    "name": "Indonesia",
    "iso": "ID",
    "code": "+62",
    "flag": "游쉻릖"
  },
  {
    "name": "Irak",
    "iso": "IQ",
    "code": "+964",
    "flag": "游쉻릖"
  },
  {
    "name": "Ir치n",
    "iso": "IR",
    "code": "+98",
    "flag": "游쉻릖"
  },
  {
    "name": "Irlanda",
    "iso": "IE",
    "code": "+353",
    "flag": "游쉻릖"
  },
  {
    "name": "Isla de Man",
    "iso": "IM",
    "code": "+44",
    "flag": "游쉻릖"
  },
  {
    "name": "Isla de Navidad",
    "iso": "CX",
    "code": "+61",
    "flag": "游뻟릖"
  },
  {
    "name": "Isla Norfolk",
    "iso": "NF",
    "code": "+672",
    "flag": "游游"
  },
  {
    "name": "Islandia",
    "iso": "IS",
    "code": "+354",
    "flag": "游쉻릖"
  },
  {
    "name": "Islas Bermudas",
    "iso": "BM",
    "code": "+1441",
    "flag": "游游"
  },
  {
    "name": "Islas Caim치n",
    "iso": "KY",
    "code": "+345",
    "flag": "游썷릖"
  },
  {
    "name": "Islas Cocos (Keeling)",
    "iso": "CC",
    "code": "+61",
    "flag": "游뻟릖"
  },
  {
    "name": "Islas Cook",
    "iso": "CK",
    "code": "+682",
    "flag": "游뻟릖"
  },
  {
    "name": "Islas de 칀land",
    "iso": "AX",
    "code": "+358",
    "flag": "游뷣릖"
  },
  {
    "name": "Islas Feroe",
    "iso": "FO",
    "code": "+298",
    "flag": "游游"
  },
  {
    "name": "Islas Georgias del Sur y Sandwich del Sur",
    "iso": "GS",
    "code": "+500",
    "flag": "游섫릖"
  },
  {
    "name": "Islas Maldivas",
    "iso": "MV",
    "code": "+960",
    "flag": "游쓇릖"
  },
  {
    "name": "Islas Malvinas",
    "iso": "FK",
    "code": "+500",
    "flag": "游游"
  },
  {
    "name": "Islas Marianas del Norte",
    "iso": "MP",
    "code": "+1670",
    "flag": "游쓇릖"
  },
  {
    "name": "Islas Marshall",
    "iso": "MH",
    "code": "+692",
    "flag": "游쓇릖"
  },
  {
    "name": "Islas Pitcairn",
    "iso": "PN",
    "code": "+872",
    "flag": "游왫릖"
  },
  {
    "name": "Islas Salom칩n",
    "iso": "SB",
    "code": "+677",
    "flag": "游젏릖"
  },
  {
    "name": "Islas Turcas y Caicos",
    "iso": "TC",
    "code": "+1649",
    "flag": "游좷릖"
  },
  {
    "name": "Islas V칤rgenes Brit치nicas",
    "iso": "VG",
    "code": "+1284",
    "flag": "游游"
  },
  {
    "name": "Islas V칤rgenes de los Estados Unidos",
    "iso": "VI",
    "code": "+1340",
    "flag": "游游"
  },
  {
    "name": "Israel",
    "iso": "IL",
    "code": "+972",
    "flag": "游쉻릖"
  },
  {
    "name": "Italia",
    "iso": "IT",
    "code": "+39",
    "flag": "游쉻릖"
  },
  {
    "name": "Jamaica",
    "iso": "JM",
    "code": "+1876",
    "flag": "游游"
  },
  {
    "name": "Jap칩n",
    "iso": "JP",
    "code": "+81",
    "flag": "游游"
  },
  {
    "name": "Jersey",
    "iso": "JE",
    "code": "+44",
    "flag": "游游"
  },
  {
    "name": "Jordania",
    "iso": "JO",
    "code": "+962",
    "flag": "游游"
  },
  {
    "name": "Kazajist치n",
    "iso": "KZ",
    "code": "+77",
    "flag": "游썷릖"
  },
  {
    "name": "Kenia",
    "iso": "KE",
    "code": "+254",
    "flag": "游썷릖"
  },
  {
    "name": "Kirguist치n",
    "iso": "KG",
    "code": "+996",
    "flag": "游썷릖"
  },
  {
    "name": "Kiribati",
    "iso": "KI",
    "code": "+686",
    "flag": "游썷릖"
  },
  {
    "name": "Kuwait",
    "iso": "KW",
    "code": "+965",
    "flag": "游썷릖"
  },
  {
    "name": "Laos",
    "iso": "LA",
    "code": "+856",
    "flag": "游쐟릖"
  },
  {
    "name": "Lesoto",
    "iso": "LS",
    "code": "+266",
    "flag": "游쐟릖"
  },
  {
    "name": "Letonia",
    "iso": "LV",
    "code": "+371",
    "flag": "游쐟릖"
  },
  {
    "name": "L칤bano",
    "iso": "LB",
    "code": "+961",
    "flag": "游쐟릖"
  },
  {
    "name": "Liberia",
    "iso": "LR",
    "code": "+231",
    "flag": "游쐟릖"
  },
  {
    "name": "Libia",
    "iso": "LY",
    "code": "+218",
    "flag": "游쐟릖"
  },
  {
    "name": "Liechtenstein",
    "iso": "LI",
    "code": "+423",
    "flag": "游쐟릖"
  },
  {
    "name": "Lituania",
    "iso": "LT",
    "code": "+370",
    "flag": "游쐟릖"
  },
  {
    "name": "Luxemburgo",
    "iso": "LU",
    "code": "+352",
    "flag": "游쐟릖"
  },
  {
    "name": "Macao",
    "iso": "MO",
    "code": "+853",
    "flag": "游쓇릖"
  },
  {
    "name": "Macedonia del Norte",
    "iso": "MK",
    "code": "+389",
    "flag": "游쓇릖"
  },
  {
    "name": "Madagascar",
    "iso": "MG",
    "code": "+261",
    "flag": "游쓇릖"
  },
  {
    "name": "Malasia",
    "iso": "MY",
    "code": "+60",
    "flag": "游쓇릖"
  },
  {
    "name": "Malawi",
    "iso": "MW",
    "code": "+265",
    "flag": "游쓇릖"
  },
  {
    "name": "Mali",
    "iso": "ML",
    "code": "+223",
    "flag": "游쓇릖"
  },
  {
    "name": "Malta",
    "iso": "MT",
    "code": "+356",
    "flag": "游쓇릖"
  },
  {
    "name": "Marruecos",
    "iso": "MA",
    "code": "+212",
    "flag": "游쓇릖"
  },
  {
    "name": "Martinica",
    "iso": "MQ",
    "code": "+596",
    "flag": "游쓇릖"
  },
  {
    "name": "Mauricio",
    "iso": "MU",
    "code": "+230",
    "flag": "游쓇릖"
  },
  {
    "name": "Mauritania",
    "iso": "MR",
    "code": "+222",
    "flag": "游쓇릖"
  },
  {
    "name": "Mayotte",
    "iso": "YT",
    "code": "+262",
    "flag": "游쮫릖"
  },
  {
    "name": "M칠xico",
    "iso": "MX",
    "code": "+52",
    "flag": "游쓇릖"
  },
  {
    "name": "Micronesia",
    "iso": "FM",
    "code": "+691",
    "flag": "游游"
  },
  {
    "name": "Moldavia",
    "iso": "MD",
    "code": "+373",
    "flag": "游쓇릖"
  },
  {
    "name": "M칩naco",
    "iso": "MC",
    "code": "+377",
    "flag": "游쓇릖"
  },
  {
    "name": "Mongolia",
    "iso": "MN",
    "code": "+976",
    "flag": "游쓇릖"
  },
  {
    "name": "Montenegro",
    "iso": "ME",
    "code": "+382",
    "flag": "游쓇릖"
  },
  {
    "name": "Montserrat",
    "iso": "MS",
    "code": "+1664",
    "flag": "游쓇릖"
  },
  {
    "name": "Mozambique",
    "iso": "MZ",
    "code": "+258",
    "flag": "游쓇릖"
  },
  {
    "name": "Namibia",
    "iso": "NA",
    "code": "+264",
    "flag": "游游"
  },
  {
    "name": "Nauru",
    "iso": "NR",
    "code": "+674",
    "flag": "游游"
  },
  {
    "name": "Nepal",
    "iso": "NP",
    "code": "+977",
    "flag": "游游"
  },
  {
    "name": "Nicaragua",
    "iso": "NI",
    "code": "+505",
    "flag": "游游"
  },
  {
    "name": "Niger",
    "iso": "NE",
    "code": "+227",
    "flag": "游游"
  },
  {
    "name": "Nigeria",
    "iso": "NG",
    "code": "+234",
    "flag": "游游"
  },
  {
    "name": "Niue",
    "iso": "NU",
    "code": "+683",
    "flag": "游游"
  },
  {
    "name": "Noruega",
    "iso": "NO",
    "code": "+47",
    "flag": "游游"
  },
  {
    "name": "Nueva Caledonia",
    "iso": "NC",
    "code": "+687",
    "flag": "游游"
  },
  {
    "name": "Nueva Zelanda",
    "iso": "NZ",
    "code": "+64",
    "flag": "游游"
  },
  {
    "name": "Om치n",
    "iso": "OM",
    "code": "+968",
    "flag": "游엃릖"
  },
  {
    "name": "Pa칤ses Bajos",
    "iso": "NL",
    "code": "+31",
    "flag": "游游"
  },
  {
    "name": "Pakist치n",
    "iso": "PK",
    "code": "+92",
    "flag": "游왫릖"
  },
  {
    "name": "Palau",
    "iso": "PW",
    "code": "+680",
    "flag": "游왫릖"
  },
  {
    "name": "Palestina",
    "iso": "PS",
    "code": "+970",
    "flag": "游왫릖"
  },
  {
    "name": "Panam치",
    "iso": "PA",
    "code": "+507",
    "flag": "游왫릖"
  },
  {
    "name": "Pap칰a Nueva Guinea",
    "iso": "PG",
    "code": "+675",
    "flag": "游왫릖"
  },
  {
    "name": "Paraguay",
    "iso": "PY",
    "code": "+595",
    "flag": "游왫릖"
  },
  {
    "name": "Per칰",
    "iso": "PE",
    "code": "+51",
    "flag": "游왫릖"
  },
  {
    "name": "Polinesia Francesa",
    "iso": "PF",
    "code": "+689",
    "flag": "游왫릖"
  },
  {
    "name": "Polonia",
    "iso": "PL",
    "code": "+48",
    "flag": "游왫릖"
  },
  {
    "name": "Portugal",
    "iso": "PT",
    "code": "+351",
    "flag": "游왫릖"
  },
  {
    "name": "Puerto Rico",
    "iso": "PR",
    "code": "+1939",
    "flag": "游왫릖"
  },
  {
    "name": "Qatar",
    "iso": "QA",
    "code": "+974",
    "flag": "游윓릖"
  },
  {
    "name": "Reino Unido",
    "iso": "GB",
    "code": "+44",
    "flag": "游섫릖"
  },
  {
    "name": "Rep칰blica Centroafricana",
    "iso": "CF",
    "code": "+236",
    "flag": "游뻟릖"
  },
  {
    "name": "Rep칰blica Checa",
    "iso": "CZ",
    "code": "+420",
    "flag": "游뻟릖"
  },
  {
    "name": "Rep칰blica de Sud치n del Sur",
    "iso": "SS",
    "code": "+211",
    "flag": "游젏릖"
  },
  {
    "name": "Rep칰blica del Congo",
    "iso": "CG",
    "code": "+242",
    "flag": "游뻟릖"
  },
  {
    "name": "Rep칰blica Democr치tica del Congo",
    "iso": "CD",
    "code": "+243",
    "flag": "游뻟릖"
  },
  {
    "name": "Rep칰blica Dominicana",
    "iso": "DO",
    "code": "+1849",
    "flag": "游뾇릖"
  },
  {
    "name": "Reuni칩n",
    "iso": "RE",
    "code": "+262",
    "flag": "游游"
  },
  {
    "name": "Ruanda",
    "iso": "RW",
    "code": "+250",
    "flag": "游游"
  },
  {
    "name": "Ruman칤a",
    "iso": "RO",
    "code": "+40",
    "flag": "游游"
  },
  {
    "name": "Rusia",
    "iso": "RU",
    "code": "+7",
    "flag": "游游"
  },
  {
    "name": "Samoa",
    "iso": "WS",
    "code": "+685",
    "flag": "游쩛릖"
  },
  {
    "name": "Samoa Americana",
    "iso": "AS",
    "code": "+1684",
    "flag": "游뷣릖"
  },
  {
    "name": "San Bartolom칠",
    "iso": "BL",
    "code": "+590",
    "flag": "游游"
  },
  {
    "name": "San Crist칩bal y Nieves",
    "iso": "KN",
    "code": "+1869",
    "flag": "游썷릖"
  },
  {
    "name": "San Marino",
    "iso": "SM",
    "code": "+378",
    "flag": "游젏릖"
  },
  {
    "name": "San Mart칤n (Francia)",
    "iso": "MF",
    "code": "+590",
    "flag": "游쓇릖"
  },
  {
    "name": "San Pedro y Miquel칩n",
    "iso": "PM",
    "code": "+508",
    "flag": "游왫릖"
  },
  {
    "name": "San Vicente y las Granadinas",
    "iso": "VC",
    "code": "+1784",
    "flag": "游游"
  },
  {
    "name": "Santa Elena",
    "iso": "SH",
    "code": "+290",
    "flag": "游젏릖"
  },
  {
    "name": "Santa Luc칤a",
    "iso": "LC",
    "code": "+1758",
    "flag": "游쐟릖"
  },
  {
    "name": "Santo Tom칠 y Pr칤ncipe",
    "iso": "ST",
    "code": "+239",
    "flag": "游젏릖"
  },
  {
    "name": "Senegal",
    "iso": "SN",
    "code": "+221",
    "flag": "游젏릖"
  },
  {
    "name": "Serbia",
    "iso": "RS",
    "code": "+381",
    "flag": "游游"
  },
  {
    "name": "Seychelles",
    "iso": "SC",
    "code": "+248",
    "flag": "游젏릖"
  },
  {
    "name": "Sierra Leona",
    "iso": "SL",
    "code": "+232",
    "flag": "游젏릖"
  },
  {
    "name": "Singapur",
    "iso": "SG",
    "code": "+65",
    "flag": "游젏릖"
  },
  {
    "name": "Siria",
    "iso": "SY",
    "code": "+963",
    "flag": "游젏릖"
  },
  {
    "name": "Somalia",
    "iso": "SO",
    "code": "+252",
    "flag": "游젏릖"
  },
  {
    "name": "Sri lanka",
    "iso": "LK",
    "code": "+94",
    "flag": "游쐟릖"
  },
  {
    "name": "Sud치frica",
    "iso": "ZA",
    "code": "+27",
    "flag": "游游"
  },
  {
    "name": "Sud치n",
    "iso": "SD",
    "code": "+249",
    "flag": "游젏릖"
  },
  {
    "name": "Suecia",
    "iso": "SE",
    "code": "+46",
    "flag": "游젏릖"
  },
  {
    "name": "Suiza",
    "iso": "CH",
    "code": "+41",
    "flag": "游뻟릖"
  },
  {
    "name": "Surin치m",
    "iso": "SR",
    "code": "+597",
    "flag": "游젏릖"
  },
  {
    "name": "Svalbard y Jan Mayen",
    "iso": "SJ",
    "code": "+47",
    "flag": "游젏릖"
  },
  {
    "name": "Swazilandia",
    "iso": "SZ",
    "code": "+268",
    "flag": "游젏릖"
  },
  {
    "name": "Tailandia",
    "iso": "TH",
    "code": "+66",
    "flag": "游좷릖"
  },
  {
    "name": "Taiw치n",
    "iso": "TW",
    "code": "+886",
    "flag": "游좷릖"
  },
  {
    "name": "Tanzania",
    "iso": "TZ",
    "code": "+255",
    "flag": "游좷릖"
  },
  {
    "name": "Tayikist치n",
    "iso": "TJ",
    "code": "+992",
    "flag": "游좷릖"
  },
  {
    "name": "Territorio Brit치nico del Oc칠ano 칈ndico",
    "iso": "IO",
    "code": "+246",
    "flag": "游쉻릖"
  },
  {
    "name": "Timor Oriental",
    "iso": "TL",
    "code": "+670",
    "flag": "游좷릖"
  },
  {
    "name": "Togo",
    "iso": "TG",
    "code": "+228",
    "flag": "游좷릖"
  },
  {
    "name": "Tokelau",
    "iso": "TK",
    "code": "+690",
    "flag": "游좷릖"
  },
  {
    "name": "Tonga",
    "iso": "TO",
    "code": "+676",
    "flag": "游좷릖"
  },
  {
    "name": "Trinidad y Tobago",
    "iso": "TT",
    "code": "+1868",
    "flag": "游좷릖"
  },
  {
    "name": "Tunez",
    "iso": "TN",
    "code": "+216",
    "flag": "游좷릖"
  },
  {
    "name": "Turkmenist치n",
    "iso": "TM",
    "code": "+993",
    "flag": "游좷릖"
  },
  {
    "name": "Turqu칤a",
    "iso": "TR",
    "code": "+90",
    "flag": "游좷릖"
  },
  {
    "name": "Tuvalu",
    "iso": "TV",
    "code": "+688",
    "flag": "游좷릖"
  },
  {
    "name": "Ucrania",
    "iso": "UA",
    "code": "+380",
    "flag": "游쥟릖"
  },
  {
    "name": "Uganda",
    "iso": "UG",
    "code": "+256",
    "flag": "游쥟릖"
  },
  {
    "name": "Uruguay",
    "iso": "UY",
    "code": "+598",
    "flag": "游쥟릖"
  },
  {
    "name": "Uzbekist치n",
    "iso": "UZ",
    "code": "+998",
    "flag": "游쥟릖"
  },
  {
    "name": "Vanuatu",
    "iso": "VU",
    "code": "+678",
    "flag": "游游"
  },
  {
    "name": "Venezuela",
    "iso": "VE",
    "code": "+58",
    "flag": "游游"
  },
  {
    "name": "Vietnam",
    "iso": "VN",
    "code": "+84",
    "flag": "游游"
  },
  {
    "name": "Wallis y Futuna",
    "iso": "WF",
    "code": "+681",
    "flag": "游쩛릖"
  },
  {
    "name": "Yemen",
    "iso": "YE",
    "code": "+967",
    "flag": "游쮫릖"
  },
  {
    "name": "Yibuti",
    "iso": "DJ",
    "code": "+253",
    "flag": "游뾇릖"
  },
  {
    "name": "Zambia",
    "iso": "ZM",
    "code": "+260",
    "flag": "游游"
  },
  {
    "name": "Zimbabue",
    "iso": "ZW",
    "code": "+263",
    "flag": "游游"
  }
]